request_id,amount_safe_to_pay,affordability_status,recommended_payment_method,payment_plan,earliest_date_for_full_payment,spending_changes_needed,decision_explanation
request_26,15656000.0,affordable_now,full_payment,2025-08-03:15656000,2025-08-03,none,"Pay IDR 15,656,000 today. This leaves at least IDR 24,768,300 available over the next 90 days."
request_27,6670.0,affordable_now,full_payment,2026-07-05:6670,2026-07-05,none,"Pay ZAR 6,670.00 today. This leaves at least ZAR 20,500.00 available over the next 90 days."
request_28,292.32,affordable_later,wait,2024-08-15:1302.40,2024-08-15,none,"Pay EUR 1,302.40 in full on 2024-08-15. Paying earlier would take the balance below the EUR 1,100.00 minimum."
request_29,2638.18,not_affordable,not_recommended,none,,none,"Do not make this payment by 2025-11-23. None of the available options keeps the ZAR 28,300.00 minimum protected."
request_30,298.81,not_affordable,not_recommended,none,,none,Do not make this payment by 2026-06-06. None of the available options keeps the USD 900.00 minimum protected.
request_31,2617955.68,affordable_later,wait,2024-11-15:18164000,2024-11-15,none,"Pay IDR 18,164,000 in full on 2024-11-15. Paying earlier would take the balance below the IDR 16,588,900 minimum."
request_32,13514.63,not_affordable,not_recommended,none,,none,"Do not make this payment by 2025-04-15. None of the available options keeps the ZAR 35,700.00 minimum protected."
request_33,24636.39,not_affordable,not_recommended,none,,none,"Do not make this payment by 2026-03-15. None of the available options keeps the INR 102,100 minimum protected."
request_34,129400.0,affordable_now,full_payment,2024-12-04:129400,2024-12-04,none,"Pay INR 129,400 today. This leaves at least INR 138,500 available over the next 90 days."
request_35,23304.73,affordable_later,wait,2026-01-15:212000,2026-01-15,none,"Pay INR 212,000 in full on 2026-01-15. Paying earlier would take the balance below the INR 106,400 minimum."
request_36,578.44,affordable_later,wait,2026-09-15:3954,2026-09-15,none,"Pay USD 3,954.00 in full on 2026-09-15. Paying earlier would take the balance below the USD 2,400.00 minimum."
request_37,4391865.76,not_affordable,not_recommended,none,,none,"Do not make this payment by 2024-05-15. None of the available options keeps the IDR 17,056,200 minimum protected."
request_38,178.48,affordable_later,wait,2025-10-15:971.30,2025-10-15,none,Pay EUR 971.30 in full on 2025-10-15. Paying earlier would take the balance below the EUR 400.00 minimum.
request_39,56346.86,affordable_later,wait,2026-06-15:208600,2026-06-15,none,"Pay INR 208,600 in full on 2026-06-15. Paying earlier would take the balance below the INR 213,400 minimum."
request_40,356.76,affordable_later,wait,2024-08-15:1290.30,2024-08-15,none,"Pay EUR 1,290.30 in full on 2024-08-15. Paying earlier would take the balance below the EUR 1,500.00 minimum."
request_41,8343157.23,affordable_later,wait,2026-01-15:38760000,2026-01-15,none,"Pay IDR 38,760,000 in full on 2026-01-15. Paying earlier would take the balance below the IDR 25,366,600 minimum."
request_42,52100.0,affordable_now,full_payment,2026-01-05:52100,2026-01-05,none,"Pay INR 52,100 today. This leaves at least INR 113,100 available over the next 90 days."
request_43,8424517.21,affordable_later,wait,2024-11-15:43339000,2024-11-15,none,"Pay IDR 43,339,000 in full on 2024-11-15. Paying earlier would take the balance below the IDR 21,398,000 minimum."
request_44,30379.09,not_affordable,not_recommended,none,,none,"Do not make this payment by 2025-04-15. None of the available options keeps the INR 82,900 minimum protected."
request_45,3483477.15,affordable_later,wait,2026-09-15:21983000,2026-09-15,none,"Pay IDR 21,983,000 in full on 2026-09-15. Paying earlier would take the balance below the IDR 11,149,800 minimum."
request_46,35174.67,affordable_with_plan,partial_payment,2024-12-03:35174.67|2024-12-15:14275.33,2024-12-15,none,"Pay INR 35,174.67 today and the remaining INR 14,275.33 on 2024-12-15. This completes the full request and keeps the INR 84,000 minimum protected."
request_47,983904.76,not_affordable,not_recommended,none,,none,"Do not make this payment by 2025-06-19. None of the available options keeps the IDR 30,049,000 minimum protected."
request_48,45700.0,affordable_now,full_payment,2026-07-25:45700,2026-07-25,none,"Pay INR 45,700 today. This leaves at least INR 71,300 available over the next 90 days."
request_49,12220380.59,affordable_with_plan,installments,2024-03-18:11902106.67|2024-04-18:11902106.67|2024-05-19:11902106.67,2024-05-15,reduce_to:event_4636:696350,"Use 3 installments of IDR 11,902,106.67, starting 2024-03-18. This leaves at least IDR 20,275,700 available."
request_50,43900.0,affordable_now,full_payment,2025-08-06:43900,2025-08-06,none,"Pay INR 43,900 today. This leaves at least INR 99,700 available over the next 90 days."
request_51,2191000.0,affordable_now,full_payment,2026-01-03:2191000,2026-01-03,none,"Pay IDR 2,191,000 today. This leaves at least IDR 7,811,000 available over the next 90 days."
request_52,19048.77,affordable_later,wait,2024-06-15:28870,2024-06-15,none,"Pay INR 28,870 in full on 2024-06-15. Paying earlier would take the balance below the INR 41,500 minimum."
request_53,464.64,affordable_with_plan,installments,2025-11-21:589.06|2025-12-19:589.06|2026-01-16:589.06,2026-01-15,none,"Use 3 installments of USD 589.06, starting 2025-11-21. This leaves at least USD 2,100.00 available."
request_54,1782.66,not_affordable,not_recommended,none,,none,"Do not make this payment by 2026-08-21. None of the available options keeps the ZAR 37,000.00 minimum protected."
request_55,115439.31,affordable_with_plan,installments,2026-06-11:75781.33|2026-07-12:75781.33|2026-08-12:75781.33,2026-08-15,reduce_to:event_5167:2750,"Use 3 installments of INR 75,781.33, starting 2026-06-11. This leaves at least INR 124,300 available."
request_56,635.22,affordable_with_plan,partial_payment,2025-02-03:635.22|2025-02-15:246.34,2025-02-15,none,"Pay USD 635.22 today and the remaining USD 246.34 on 2025-02-15. This completes the full request and keeps the USD 2,100.00 minimum protected."
request_57,12595.78,affordable_later,wait,2026-06-15:61446,2026-06-15,none,"Pay ZAR 61,446.00 in full on 2026-06-15. Paying earlier would take the balance below the ZAR 42,700.00 minimum."
request_58,16226000.0,affordable_now,full_payment,2024-12-07:16226000,2024-12-07,none,"Pay IDR 16,226,000 today. This leaves at least IDR 14,433,900 available over the next 90 days."
request_59,128541.8,affordable_with_plan,installments,2025-05-07:48741.33|2025-06-04:48741.33|2025-07-02:48741.33,,reduce_to:event_5537:3930,"Use 3 installments of INR 48,741.33, starting 2025-05-07. This leaves at least INR 132,600 available."
request_60,0.0,not_affordable,not_recommended,none,,none,Do not make this payment by 2026-03-04. None of the available options keeps the USD 400.00 minimum protected.
request_61,29062.0,affordable_with_plan,installments,2024-03-17:10074.83|2024-04-17:10074.83|2024-05-18:10074.83,2024-03-03,none,"Use 3 installments of ZAR 10,074.83, starting 2024-03-17. This leaves at least ZAR 36,700.00 available."
request_62,404.23,affordable_now,full_payment,2025-08-05:404.23,2025-08-05,none,"Pay USD 404.23 today. This leaves at least USD 1,300.00 available over the next 90 days."
request_63,39612.35,not_affordable,not_recommended,none,,none,"Do not make this payment by 2026-09-17. None of the available options keeps the INR 153,500 minimum protected."
request_64,0.0,not_affordable,not_recommended,none,,none,"Do not make this payment by 2024-08-16. None of the available options keeps the INR 36,100 minimum protected."
request_65,5664.3,not_affordable,not_recommended,none,,none,"Do not make this payment by 2025-11-25. None of the available options keeps the ZAR 15,500.00 minimum protected."
request_66,22200.0,affordable_now,full_payment,2026-04-03:22200,2026-04-03,none,"Pay INR 22,200 today. This leaves at least INR 80,700 available over the next 90 days."
request_67,306.13,affordable_later,wait,2024-11-15:2094,2024-11-15,none,"Pay USD 2,094.00 in full on 2024-11-15. Paying earlier would take the balance below the USD 1,200.00 minimum."
request_68,1313.6,affordable_with_plan,installments,2025-02-14:725.09|2025-03-14:725.09|2025-04-11:725.09,2025-04-23,reduce_to:event_6331:24.80|stop:event_6330,"Use 3 installments of USD 725.09, starting 2025-02-14. This leaves at least USD 1,500.00 available."
request_69,529.1,affordable_now,full_payment,2026-01-04:529.10,2026-01-04,none,Pay EUR 529.10 today. This leaves at least EUR 700.00 available over the next 90 days.
request_70,48890.64,affordable_later,wait,2025-02-15:243900,2025-02-15,none,"Pay INR 243,900 in full on 2025-02-15. Paying earlier would take the balance below the INR 115,000 minimum."
request_71,124649.22,not_affordable,not_recommended,none,,none,"Do not make this payment by 2025-05-28. None of the available options keeps the IDR 8,884,800 minimum protected."
request_72,11330.0,affordable_now,full_payment,2026-07-05:11330,2026-07-05,none,"Pay ZAR 11,330.00 today. This leaves at least ZAR 12,200.00 available over the next 90 days."
request_73,71400.0,affordable_now,full_payment,2023-01-20:71400,2023-01-20,none,"Pay INR 71,400 today. This leaves at least INR 103,200 available over the next 90 days."
request_74,5010.0,affordable_now,full_payment,2025-08-04:5010,2025-08-04,none,"Pay ZAR 5,010.00 today. This leaves at least ZAR 21,900.00 available over the next 90 days."
request_75,14078.09,not_affordable,not_recommended,none,,none,"Do not make this payment by 2026-06-12. None of the available options keeps the ZAR 39,000.00 minimum protected."
request_76,723.68,not_affordable,not_recommended,none,2024-08-15,none,"Do not make this payment by 2024-07-30. None of the available options keeps the USD 1,800.00 minimum protected."
request_77,60435.24,affordable_with_plan,full_payment,2025-11-05:60700,2025-11-15,stop:event_7143,"stop:event_7143, then pay INR 60,700 today. This leaves at least INR 82,200 available."
request_78,43864.29,not_affordable,not_recommended,none,2025-10-15,none,"Do not make this payment by 2025-10-14. None of the available options keeps the INR 55,200 minimum protected."
request_79,298.59,not_affordable,not_recommended,none,,none,"Do not make this payment by 2024-11-01. None of the available options keeps the EUR 1,000.00 minimum protected."
request_80,108810.77,not_affordable,not_recommended,none,,none,"Do not make this payment by 2025-02-21. None of the available options keeps the INR 121,300 minimum protected."
request_81,2076.0,affordable_now,full_payment,2026-07-03:2076,2026-07-03,none,"Pay USD 2,076.00 today. This leaves at least USD 1,600.00 available over the next 90 days."
request_82,316.74,affordable_later,wait,2025-02-15:1405.20,2025-02-15,none,"Pay USD 1,405.20 in full on 2025-02-15. Paying earlier would take the balance below the USD 1,100.00 minimum."
request_83,6890.89,not_affordable,not_recommended,none,,none,"Do not make this payment by 2025-06-17. None of the available options keeps the INR 37,800 minimum protected."
request_84,22768.87,affordable_later,wait,2026-06-15:95400,2026-06-15,none,"Pay INR 95,400 in full on 2026-06-15. Paying earlier would take the balance below the INR 91,300 minimum."
request_85,349025.09,not_affordable,not_recommended,none,,none,"Do not make this payment by 2024-04-26. None of the available options keeps the IDR 6,396,300 minimum protected."
request_86,46300.0,affordable_now,full_payment,2025-08-03:46300,2025-08-03,none,"Pay INR 46,300 today. This leaves at least INR 84,900 available over the next 90 days."
request_87,17937.89,not_affordable,not_recommended,none,,none,"Do not make this payment by 2026-03-15. None of the available options keeps the INR 185,900 minimum protected."
request_88,10715.66,affordable_with_plan,installments,2024-06-14:9045.23|2024-07-15:9045.23|2024-08-15:9045.23,2024-07-15,none,"Use 3 installments of ZAR 9,045.23, starting 2024-06-14. This leaves at least ZAR 25,800.00 available."
request_89,9308694.14,affordable_with_plan,installments,2025-11-18:4768746.67|2025-12-16:4768746.67|2026-01-13:4768746.67,2026-01-15,reduce_to:event_8337:266760|reduce_to:event_8403:203300|stop:event_8335,"Use 3 installments of IDR 4,768,746.67, starting 2025-11-18. This leaves at least IDR 12,534,700 available."
request_90,2560.0,affordable_now,full_payment,2026-07-06:2560,2026-07-06,none,"Pay ZAR 2,560.00 today. This leaves at least ZAR 7,600.00 available over the next 90 days."
request_91,304.96,affordable_later,wait,2024-11-15:1927.20,2024-11-15,none,"Pay EUR 1,927.20 in full on 2024-11-15. Paying earlier would take the balance below the EUR 2,100.00 minimum."
request_92,34034.0,affordable_now,full_payment,2025-02-05:34034,2025-02-05,none,"Pay ZAR 34,034.00 today. This leaves at least ZAR 28,100.00 available over the next 90 days."
request_93,1729.2,affordable_now,full_payment,2026-04-07:1729.20,2026-04-07,none,"Pay USD 1,729.20 today. This leaves at least USD 1,900.00 available over the next 90 days."
request_94,572.0,affordable_now,full_payment,2024-12-04:572,2024-12-04,none,Pay EUR 572.00 today. This leaves at least EUR 600.00 available over the next 90 days.
request_95,6776.21,not_affordable,not_recommended,none,,none,"Do not make this payment by 2025-07-14. None of the available options keeps the INR 145,500 minimum protected."
request_96,72166.46,affordable_with_plan,installments,2026-01-10:31269.33|2026-02-09:31269.33|2026-03-11:31269.33,2026-03-15,reduce_to:event_8980:1610,"Use 3 installments of INR 31,269.33, starting 2026-01-10. This leaves at least INR 56,500 available."
request_97,1534.01,affordable_with_plan,installments,2024-03-19:8145.28|2024-04-19:8145.28|2024-05-20:8145.28,2024-04-15,none,"Use 3 installments of ZAR 8,145.28, starting 2024-03-19. This leaves at least ZAR 29,700.00 available."
request_98,6561.48,affordable_later,wait,2025-10-15:27148,2025-10-15,none,"Pay ZAR 27,148.00 in full on 2025-10-15. Paying earlier would take the balance below the ZAR 30,000.00 minimum."
request_99,18005.07,affordable_with_plan,full_payment,2026-07-04:18062,2026-07-15,reduce_to:event_9232:1065.90,"reduce_to:event_9232:1065.90, then pay ZAR 18,062.00 today. This leaves at least ZAR 49,100.00 available."
request_100,25154.47,affordable_with_plan,installments,2024-06-13:12866.19|2024-07-14:12866.19|2024-08-14:12866.19,2024-07-15,stop:event_9267,"Use 3 installments of ZAR 12,866.19, starting 2024-06-13. This leaves at least ZAR 32,500.00 available."
request_101,143500.0,affordable_now,full_payment,2025-11-03:143500,2025-11-03,none,"Pay INR 143,500 today. This leaves at least INR 187,400 available over the next 90 days."
request_102,1716.0,affordable_with_plan,installments,2026-04-05:594.88|2026-05-05:594.88|2026-06-04:594.88,2026-04-05,none,"Use 3 installments of EUR 594.88, starting 2026-04-05. This leaves at least EUR 900.00 available."
request_103,2732.53,not_affordable,not_recommended,none,,none,"Do not make this payment by 2024-10-07. None of the available options keeps the INR 125,500 minimum protected."
request_104,17204.0,affordable_now,full_payment,2025-02-04:17204,2025-02-04,none,"Pay ZAR 17,204.00 today. This leaves at least ZAR 24,700.00 available over the next 90 days."
request_105,51724.35,affordable_with_plan,full_payment,2026-06-08:53500,2026-06-15,reduce_to:event_9720:1632,"reduce_to:event_9720:1632, then pay INR 53,500 today. This leaves at least INR 73,900 available."
request_106,459.01,affordable_later,wait,2025-02-15:2207.70,2025-02-15,none,"Pay EUR 2,207.70 in full on 2025-02-15. Paying earlier would take the balance below the EUR 1,200.00 minimum."
request_107,0.0,not_affordable,not_recommended,none,,none,"Do not make this payment by 2025-07-04. None of the available options keeps the EUR 1,600.00 minimum protected."
request_108,1973.09,not_affordable,not_recommended,none,2026-09-15,none,"Do not make this payment by 2026-07-26. None of the available options keeps the ZAR 24,100.00 minimum protected."
request_109,497.54,affordable_with_plan,installments,2024-03-18:645.98|2024-04-18:645.98|2024-05-19:645.98,2024-05-15,stop:event_10081,"Use 3 installments of EUR 645.98, starting 2024-03-18. This leaves at least EUR 1,700.00 available."
request_110,22352.0,affordable_with_plan,installments,2025-08-06:7748.69|2025-09-03:7748.69|2025-10-01:7748.69,2025-08-06,none,"Use 3 installments of ZAR 7,748.69, starting 2025-08-06. This leaves at least ZAR 11,200.00 available."
request_111,16625000.0,affordable_now,full_payment,2026-04-03:16625000,2026-04-03,none,"Pay IDR 16,625,000 today. This leaves at least IDR 23,022,800 available over the next 90 days."
request_112,271.7,affordable_now,full_payment,2024-06-05:271.70,2024-06-05,none,Pay EUR 271.70 today. This leaves at least EUR 500.00 available over the next 90 days.
request_113,19319.89,affordable_later,wait,2026-10-15:36500,2026-10-15,none,"Pay INR 36,500 in full on 2026-10-15. Paying earlier would take the balance below the INR 82,300 minimum."
request_114,24893.74,not_affordable,not_recommended,none,,none,"Do not make this payment by 2026-01-14. None of the available options keeps the INR 113,400 minimum protected."
request_115,14489.32,affordable_later,wait,2024-11-15:80500,2024-11-15,none,"Pay INR 80,500 in full on 2024-11-15. Paying earlier would take the balance below the INR 38,800 minimum."
request_116,7979.22,not_affordable,not_recommended,none,,none,"Do not make this payment by 2025-04-16. None of the available options keeps the INR 80,300 minimum protected."
request_117,851.28,affordable_with_plan,full_payment,2026-07-05:880,2026-07-15,reduce_to:event_10878:20.50|stop:event_10833,"reduce_to:event_10878:20.50|stop:event_10833, then pay EUR 880.00 today. This leaves at least EUR 1,000.00 available."
request_118,645.95,affordable_with_plan,installments,2024-12-07:255.87|2025-01-07:255.87|2025-02-07:255.87,2025-02-15,reduce_to:event_10914:14,"Use 3 installments of EUR 255.87, starting 2024-12-07. This leaves at least EUR 600.00 available."
request_119,59730.56,affordable_with_plan,installments,2025-05-18:70546.67|2025-06-15:70546.67|2025-07-13:70546.67,2025-06-15,reduce_to:event_11057:2370,"Use 3 installments of INR 70,546.67, starting 2025-05-18. This leaves at least INR 151,200 available."
request_120,7714000.0,affordable_now,full_payment,2026-04-06:7714000,2026-04-06,none,"Pay IDR 7,714,000 today. This leaves at least IDR 20,050,300 available over the next 90 days."
request_121,633.6,affordable_now,full_payment,2024-03-03:633.60,2024-03-03,none,Pay USD 633.60 today. This leaves at least USD 800.00 available over the next 90 days.
request_122,20558000.0,affordable_with_plan,installments,2025-08-05:7126773.33|2025-09-02:7126773.33|2025-09-30:7126773.33,2025-08-05,none,"Use 3 installments of IDR 7,126,773.33, starting 2025-08-05. This leaves at least IDR 12,588,500 available."
request_123,0.0,not_affordable,not_recommended,none,,none,"Do not make this payment by 2026-03-28. None of the available options keeps the IDR 18,091,200 minimum protected."
request_124,1398.23,affordable_with_plan,installments,2024-06-11:1076.12|2024-07-12:1076.12|2024-08-12:1076.12,2024-07-15,reduce_to:event_11480:38,"Use 3 installments of EUR 1,076.12, starting 2024-06-11. This leaves at least EUR 1,600.00 available."
request_125,5636.18,not_affordable,not_recommended,none,2025-11-15,none,"Do not make this payment by 2025-11-14. None of the available options keeps the ZAR 11,300.00 minimum protected."
request_126,159600.0,affordable_now,full_payment,2026-07-03:159600,2026-07-03,none,"Pay INR 159,600 today. This leaves at least INR 129,700 available over the next 90 days."
request_127,6863.91,not_affordable,not_recommended,none,2024-11-15,none,"Do not make this payment by 2024-10-18. None of the available options keeps the ZAR 41,000.00 minimum protected."
request_128,25168.0,affordable_now,full_payment,2025-02-07:25168,2025-02-07,none,"Pay ZAR 25,168.00 today. This leaves at least ZAR 42,600.00 available over the next 90 days."
request_129,110.47,not_affordable,not_recommended,none,,none,Do not make this payment by 2026-06-18. None of the available options keeps the USD 800.00 minimum protected.
request_130,375.6,affordable_later,wait,2025-02-15:1978.80,2025-02-15,none,"Pay USD 1,978.80 in full on 2025-02-15. Paying earlier would take the balance below the USD 1,400.00 minimum."
request_131,1128.39,not_affordable,not_recommended,none,2025-07-23,none,"Do not make this payment by 2025-07-08. None of the available options keeps the USD 1,100.00 minimum protected."
request_132,0.0,not_affordable,not_recommended,none,,none,"Do not make this payment by 2026-02-25. None of the available options keeps the USD 1,100.00 minimum protected."
request_133,0.0,not_affordable,not_recommended,none,,none,"Do not make this payment by 2024-03-29. None of the available options keeps the IDR 9,986,200 minimum protected."
request_134,4403204.08,affordable_later,wait,2025-10-15:21831000,2025-10-15,none,"Pay IDR 21,831,000 in full on 2025-10-15. Paying earlier would take the balance below the IDR 15,902,500 minimum."
request_135,288.84,affordable_with_plan,full_payment,2026-07-06:304.80,2026-07-15,stop:event_12413,"stop:event_12413, then pay USD 304.80 today. This leaves at least USD 500.00 available."
request_136,534.03,affordable_with_plan,full_payment,2024-06-03:560.40,2024-06-15,reduce_to:event_12498:27.20,"reduce_to:event_12498:27.20, then pay USD 560.40 today. This leaves at least USD 1,100.00 available."
request_137,24432.81,not_affordable,not_recommended,none,,none,"Do not make this payment by 2026-01-15. None of the available options keeps the INR 71,800 minimum protected."
request_138,743.23,affordable_with_plan,partial_payment,2026-04-07:743.23|2026-04-15:513.71,2026-04-15,none,"Pay EUR 743.23 today and the remaining EUR 513.71 on 2026-04-15. This completes the full request and keeps the EUR 2,300.00 minimum protected."
request_139,1236.53,not_affordable,not_recommended,none,2024-11-15,none,"Do not make this payment by 2024-11-17. None of the available options keeps the USD 1,500.00 minimum protected."
request_140,1382.24,not_affordable,not_recommended,none,,none,"Do not make this payment by 2025-03-04. None of the available options keeps the ZAR 21,600.00 minimum protected."
request_141,19090.43,not_affordable,not_recommended,none,,none,"Do not make this payment by 2026-02-12. None of the available options keeps the INR 67,300 minimum protected."
request_142,1263.6,affordable_now,full_payment,2024-12-05:1263.60,2024-12-05,none,"Pay USD 1,263.60 today. This leaves at least USD 1,700.00 available over the next 90 days."
request_143,2602.99,affordable_later,wait,2025-07-15:12584,2025-07-15,none,"Pay ZAR 12,584.00 in full on 2025-07-15. Paying earlier would take the balance below the ZAR 11,300.00 minimum."
request_144,233.34,affordable_now,full_payment,2026-07-04:233.34,2026-07-04,none,Pay USD 233.34 today. This leaves at least USD 600.00 available over the next 90 days.
request_145,27599.13,affordable_with_plan,installments,2024-03-20:75365.33|2024-04-20:75365.33|2024-05-21:75365.33,2024-05-15,reduce_to:event_13409:3335,"Use 3 installments of INR 75,365.33, starting 2024-03-20. This leaves at least INR 155,400 available."
request_146,15935.81,not_affordable,not_recommended,none,,none,"Do not make this payment by 2025-10-17. None of the available options keeps the INR 108,600 minimum protected."
request_147,468.51,affordable_with_plan,installments,2026-04-08:391.63|2026-05-08:391.63|2026-06-07:391.63,2026-05-15,none,"Use 3 installments of EUR 391.63, starting 2026-04-08. This leaves at least EUR 900.00 available."
request_148,7132.66,affordable_with_plan,installments,2024-06-14:7710.56|2024-07-15:7710.56|2024-08-15:7710.56,2024-08-15,reduce_to:event_13594:576.40,"Use 3 installments of ZAR 7,710.56, starting 2024-06-14. This leaves at least ZAR 20,000.00 available."
request_149,22133.9,affordable_with_plan,installments,2025-11-18:12706.03|2025-12-16:12706.03|2026-01-13:12706.03,2025-12-15,reduce_to:event_13703:1013.76,"Use 3 installments of ZAR 12,706.03, starting 2025-11-18. This leaves at least ZAR 42,100.00 available."
request_150,0.0,not_affordable,not_recommended,none,,none,Do not make this payment by 2026-03-16. None of the available options keeps the EUR 700.00 minimum protected.
request_151,26999000.0,affordable_now,full_payment,2024-09-03:26999000,2024-09-03,none,"Pay IDR 26,999,000 today. This leaves at least IDR 31,633,600 available over the next 90 days."
request_152,11088.27,affordable_with_plan,installments,2025-02-12:4812.43|2025-03-12:4812.43|2025-04-09:4812.43,2025-04-15,reduce_to:event_14024:234.30|stop:event_13958|stop:event_13957,"Use 3 installments of ZAR 4,812.43, starting 2025-02-12. This leaves at least ZAR 11,900.00 available."
request_153,5.52,not_affordable,not_recommended,none,,none,"Do not make this payment by 2026-09-24. None of the available options keeps the USD 1,400.00 minimum protected."
request_154,1625.8,affordable_with_plan,installments,2024-12-04:563.61|2025-01-04:563.61|2025-02-04:563.61,2024-12-04,none,"Use 3 installments of EUR 563.61, starting 2024-12-04. This leaves at least EUR 1,300.00 available."
request_155,112500.0,affordable_now,full_payment,2025-05-06:112500,2025-05-06,none,"Pay INR 112,500 today. This leaves at least INR 56,300 available over the next 90 days."
request_156,8651.43,affordable_later,wait,2026-06-15:43076,2026-06-15,none,"Pay ZAR 43,076.00 in full on 2026-06-15. Paying earlier would take the balance below the ZAR 26,900.00 minimum."
request_157,4600184.74,affordable_later,wait,2024-05-15:23503000,2024-05-15,none,"Pay IDR 23,503,000 in full on 2024-05-15. Paying earlier would take the balance below the IDR 15,714,100 minimum."
request_158,203166.77,not_affordable,not_recommended,none,,none,"Do not make this payment by 2025-10-02. None of the available options keeps the INR 131,400 minimum protected."
request_159,0.0,not_affordable,not_recommended,none,,none,"Do not make this payment by 2026-03-20. None of the available options keeps the ZAR 8,700.00 minimum protected."
request_160,577.17,affordable_with_plan,installments,2024-06-13:432.05|2024-07-14:432.05|2024-08-14:432.05,2024-07-15,none,"Use 3 installments of EUR 432.05, starting 2024-06-13. This leaves at least EUR 1,200.00 available."
request_161,0.0,not_affordable,not_recommended,none,,none,"Do not make this payment by 2026-01-15. None of the available options keeps the IDR 23,010,400 minimum protected."
request_162,1552429.92,not_affordable,not_recommended,none,,none,"Do not make this payment by 2026-08-26. None of the available options keeps the IDR 24,161,100 minimum protected."
request_163,8587184.89,affordable_with_plan,installments,2024-09-10:6692053.33|2024-10-11:6692053.33|2024-11-11:6692053.33,2024-11-15,reduce_to:event_15018:664050,"Use 3 installments of IDR 6,692,053.33, starting 2024-09-10. This leaves at least IDR 26,728,700 available."
request_164,27018000.0,affordable_with_plan,installments,2025-02-11:9366240|2025-03-11:9366240|2025-04-08:9366240,2025-02-04,none,"Use 3 installments of IDR 9,366,240, starting 2025-02-11. This leaves at least IDR 29,550,500 available."
request_165,62930.71,affordable_with_plan,full_payment,2026-04-06:80600,,reduce_to:event_15173:1875|stop:event_15135|reduce_to:event_15136:1048,"reduce_to:event_15173:1875|stop:event_15135|reduce_to:event_15136:1048, then pay INR 80,600 today. This leaves at least INR 95,000 available."
request_166,2907.6,affordable_with_plan,installments,2024-12-03:1007.97|2025-01-03:1007.97|2025-02-03:1007.97,2024-12-03,none,"Use 3 installments of USD 1,007.97, starting 2024-12-03. This leaves at least USD 1,700.00 available."
request_167,43802.0,affordable_now,full_payment,2025-05-05:43802,2025-05-05,none,"Pay ZAR 43,802.00 today. This leaves at least ZAR 31,200.00 available over the next 90 days."
request_168,0.0,not_affordable,not_recommended,none,,none,"Do not make this payment by 2026-03-16. None of the available options keeps the INR 114,400 minimum protected."
request_169,41976.0,affordable_now,full_payment,2024-03-04:41976,2024-03-04,none,"Pay ZAR 41,976.00 today. This leaves at least ZAR 18,700.00 available over the next 90 days."
request_170,30347093.2,affordable_with_plan,installments,2025-08-06:12804480|2025-09-03:12804480|2025-10-01:12804480,2025-09-15,none,"Use 3 installments of IDR 12,804,480, starting 2025-08-06. This leaves at least IDR 24,715,800 available."
request_171,37.42,not_affordable,not_recommended,none,,none,Do not make this payment by 2026-09-10. None of the available options keeps the EUR 500.00 minimum protected.
request_172,9253.54,affordable_with_plan,partial_payment,2024-06-05:9253.54|2024-06-15:946.46,2024-06-15,none,"Pay ZAR 9,253.54 today and the remaining ZAR 946.46 on 2024-06-15. This completes the full request and keeps the ZAR 27,200.00 minimum protected."
request_173,54868.0,affordable_with_plan,installments,2025-11-21:39173.33|2025-12-19:39173.33|2026-01-16:39173.33,2026-01-15,reduce_to:event_15946:2105,"Use 3 installments of INR 39,173.33, starting 2025-11-21. This leaves at least INR 79,100 available."
request_174,1083.54,affordable_with_plan,installments,2026-04-04:397.35|2026-05-04:397.35|2026-06-03:397.35,,reduce_to:event_15976:16.80|reduce_to:event_16013:12.50,"Use 3 installments of EUR 397.35, starting 2026-04-04. This leaves at least EUR 700.00 available."
request_175,2346.3,affordable_now,full_payment,2024-09-06:2346.30,2024-09-06,none,"Pay EUR 2,346.30 today. This leaves at least EUR 1,700.00 available over the next 90 days."
request_176,361.14,not_affordable,not_recommended,none,,none,Do not make this payment by 2025-02-27. None of the available options keeps the EUR 600.00 minimum protected.
request_177,708.29,affordable_with_plan,full_payment,2026-01-05:1017.60,,reduce_to:event_16317:32,"reduce_to:event_16317:32, then pay USD 1,017.60 today. This leaves at least USD 1,300.00 available."
request_178,2938.1,affordable_with_plan,installments,2024-12-07:1018.54|2025-01-07:1018.54|2025-02-07:1018.54,2024-12-07,none,"Use 3 installments of EUR 1,018.54, starting 2024-12-07. This leaves at least EUR 1,400.00 available."
request_179,6344554.86,affordable_later,wait,2025-07-15:41648000,2025-07-15,none,"Pay IDR 41,648,000 in full on 2025-07-15. Paying earlier would take the balance below the IDR 41,430,800 minimum."
request_180,66500.0,affordable_now,full_payment,2026-07-06:66500,2026-07-06,none,"Pay INR 66,500 today. This leaves at least INR 37,300 available over the next 90 days."
request_181,296.23,not_affordable,not_recommended,none,,none,"Do not make this payment by 2024-04-07. None of the available options keeps the USD 2,000.00 minimum protected."
request_182,65714.0,affordable_now,full_payment,2025-08-05:65714,2025-08-05,none,"Pay ZAR 65,714.00 today. This leaves at least ZAR 31,100.00 available over the next 90 days."
request_183,22980837.3,affordable_with_plan,installments,2026-04-10:9313546.67|2026-05-10:9313546.67|2026-06-09:9313546.67,2026-05-15,reduce_to:event_16815:365560,"Use 3 installments of IDR 9,313,546.67, starting 2026-04-10. This leaves at least IDR 11,878,300 available."
request_184,8154.19,not_affordable,not_recommended,none,,none,"Do not make this payment by 2024-07-30. None of the available options keeps the INR 110,800 minimum protected."
request_185,326.47,affordable_later,wait,2026-01-15:1257.30,2026-01-15,none,"Pay EUR 1,257.30 in full on 2026-01-15. Paying earlier would take the balance below the EUR 1,300.00 minimum."
request_186,0.0,not_affordable,not_recommended,none,,none,"Do not make this payment by 2026-03-15. None of the available options keeps the ZAR 22,000.00 minimum protected."
request_187,38016.22,affordable_later,wait,2024-11-15:187500,2024-11-15,none,"Pay INR 187,500 in full on 2024-11-15. Paying earlier would take the balance below the INR 128,300 minimum."
request_188,106.88,not_affordable,not_recommended,none,,none,Do not make this payment by 2025-03-04. None of the available options keeps the EUR 900.00 minimum protected.
request_189,488.4,affordable_now,full_payment,2026-07-04:488.40,2026-07-04,none,Pay EUR 488.40 today. This leaves at least EUR 400.00 available over the next 90 days.
request_190,451.92,affordable_later,wait,2025-02-15:2557.50,2025-02-15,none,"Pay EUR 2,557.50 in full on 2025-02-15. Paying earlier would take the balance below the EUR 1,600.00 minimum."
request_191,664.4,affordable_now,full_payment,2025-05-03:664.40,2025-05-03,none,Pay EUR 664.40 today. This leaves at least EUR 500.00 available over the next 90 days.
request_192,112.8,not_affordable,not_recommended,none,,none,"Do not make this payment by 2026-05-11. None of the available options keeps the USD 1,000.00 minimum protected."
request_193,28.6,affordable_with_plan,installments,2024-03-21:420.23|2024-04-21:420.23|2024-05-22:420.23,2024-05-15,none,"Use 3 installments of EUR 420.23, starting 2024-03-21. This leaves at least EUR 1,000.00 available."
request_194,34330.22,affordable_later,wait,2025-10-23:132800,2025-10-23,none,"Pay INR 132,800 in full on 2025-10-23. Paying earlier would take the balance below the INR 113,600 minimum."
request_195,637.17,not_affordable,not_recommended,none,,none,Do not make this payment by 2026-03-11. None of the available options keeps the EUR 700.00 minimum protected.
request_196,762.3,affordable_now,full_payment,2024-06-03:762.30,2024-06-03,none,Pay EUR 762.30 today. This leaves at least EUR 500.00 available over the next 90 days.
request_197,0.0,not_affordable,not_recommended,none,,none,"Do not make this payment by 2026-01-21. None of the available options keeps the IDR 26,245,900 minimum protected."
request_198,185800.0,affordable_now,full_payment,2026-07-07:185800,2026-07-07,none,"Pay INR 185,800 today. This leaves at least INR 124,300 available over the next 90 days."
request_199,23674000.0,affordable_with_plan,installments,2024-09-07:8206986.67|2024-10-08:8206986.67|2024-11-08:8206986.67,2024-09-04,none,"Use 3 installments of IDR 8,206,986.67, starting 2024-09-07. This leaves at least IDR 25,359,500 available."
request_200,21717000.0,affordable_now,full_payment,2025-02-06:21717000,2025-02-06,none,"Pay IDR 21,717,000 today. This leaves at least IDR 20,114,600 available over the next 90 days."
request_201,22533173.62,not_affordable,not_recommended,none,,none,"Do not make this payment by 2026-05-16. None of the available options keeps the IDR 17,304,500 minimum protected."
request_202,123900.0,affordable_now,full_payment,2024-12-05:123900,2024-12-05,none,"Pay INR 123,900 today. This leaves at least INR 147,800 available over the next 90 days."
request_203,1018.68,affordable_with_plan,installments,2025-05-10:499.93|2025-06-07:499.93|2025-07-05:499.93,,reduce_to:event_18728:38|reduce_to:event_18663:35|stop:event_18662,"Use 3 installments of EUR 499.93, starting 2025-05-10. This leaves at least EUR 1,400.00 available."
request_204,577.82,affordable_later,wait,2026-01-15:588.74,2026-01-15,none,"Pay EUR 588.74 in full on 2026-01-15. Paying earlier would take the balance below the EUR 1,300.00 minimum."
request_205,10621000.0,affordable_now,full_payment,2024-03-06:10621000,2024-03-06,none,"Pay IDR 10,621,000 today. This leaves at least IDR 13,994,300 available over the next 90 days."
request_206,1404.7,affordable_with_plan,installments,2025-08-03:486.96|2025-08-31:486.96|2025-09-28:486.96,2025-08-03,none,"Use 3 installments of EUR 486.96, starting 2025-08-03. This leaves at least EUR 900.00 available."
request_207,4357.09,affordable_later,wait,2026-07-15:11830,2026-07-15,none,"Pay ZAR 11,830.00 in full on 2026-07-15. Paying earlier would take the balance below the ZAR 13,600.00 minimum."
request_208,3090213.24,affordable_later,wait,2024-06-15:4413000,2024-06-15,none,"Pay IDR 4,413,000 in full on 2024-06-15. Paying earlier would take the balance below the IDR 10,470,700 minimum."
request_209,1654.72,not_affordable,not_recommended,none,,none,"Do not make this payment by 2025-11-25. None of the available options keeps the ZAR 18,400.00 minimum protected."
request_210,825.21,affordable_with_plan,partial_payment,2026-04-06:825.21|2026-04-15:534.81,2026-04-15,none,"Pay USD 825.21 today and the remaining USD 534.81 on 2026-04-15. This completes the full request and keeps the USD 2,000.00 minimum protected."
request_211,279.21,affordable_later,wait,2024-11-15:1788.60,2024-11-15,none,"Pay EUR 1,788.60 in full on 2024-11-15. Paying earlier would take the balance below the EUR 1,500.00 minimum."
request_212,3849388.6,not_affordable,not_recommended,none,,none,"Do not make this payment by 2025-02-28. None of the available options keeps the IDR 29,579,800 minimum protected."
request_213,2137.32,not_affordable,not_recommended,none,,none,"Do not make this payment by 2026-03-22. None of the available options keeps the USD 2,100.00 minimum protected."
request_214,40667.57,affordable_with_plan,partial_payment,2024-12-04:40667.57|2024-12-15:29082.43,2024-12-15,none,"Pay INR 40,667.57 today and the remaining INR 29,082.43 on 2024-12-15. This completes the full request and keeps the INR 174,900 minimum protected."
request_215,28392.48,affordable_with_plan,installments,2025-05-09:10395.15|2025-06-06:10395.15|2025-07-04:10395.15,,reduce_to:event_19803:390.50|reduce_to:event_19802:271.70|stop:event_19801,"Use 3 installments of ZAR 10,395.15, starting 2025-05-09. This leaves at least ZAR 15,700.00 available."
request_216,474.25,affordable_later,wait,2026-09-15:3332.40,2026-09-15,none,"Pay USD 3,332.40 in full on 2026-09-15. Paying earlier would take the balance below the USD 1,800.00 minimum."
request_217,19409.2,affordable_with_plan,installments,2024-03-19:12889.07|2024-04-19:12889.07|2024-05-20:12889.07,2024-05-15,none,"Use 3 installments of ZAR 12,889.07, starting 2024-03-19. This leaves at least ZAR 26,800.00 available."
request_218,24395743.47,affordable_with_plan,installments,2025-08-07:21195893.33|2025-09-04:21195893.33|2025-10-02:21195893.33,2025-09-15,none,"Use 3 installments of IDR 21,195,893.33, starting 2025-08-07. This leaves at least IDR 34,477,200 available."
request_219,697.31,affordable_with_plan,installments,2026-04-07:580.01|2026-05-07:580.01|2026-06-06:580.01,2026-05-15,none,"Use 3 installments of EUR 580.01, starting 2026-04-07. This leaves at least EUR 1,100.00 available."
request_220,67.75,not_affordable,not_recommended,none,,none,"Do not make this payment by 2024-07-03. None of the available options keeps the EUR 1,100.00 minimum protected."
request_221,109800.0,affordable_now,full_payment,2025-11-03:109800,2025-11-03,none,"Pay INR 109,800 today. This leaves at least INR 81,500 available over the next 90 days."
request_222,34078.0,affordable_now,full_payment,2026-01-05:34078,2026-01-05,none,"Pay ZAR 34,078.00 today. This leaves at least ZAR 27,300.00 available over the next 90 days."
request_223,898.7,affordable_now,full_payment,2024-09-07:898.70,2024-09-07,none,Pay EUR 898.70 today. This leaves at least EUR 800.00 available over the next 90 days.
request_224,9830146.22,affordable_with_plan,partial_payment,2025-02-04:9830146.22|2025-02-15:496853.78,2025-02-15,none,"Pay IDR 9,830,146.22 today and the remaining IDR 496,853.78 on 2025-02-15. This completes the full request and keeps the IDR 22,187,600 minimum protected."
request_225,9513191.0,affordable_with_plan,installments,2026-07-20:7647120|2026-08-19:7647120|2026-09-18:7647120,2026-09-15,none,"Use 3 installments of IDR 7,647,120, starting 2026-07-20. This leaves at least IDR 17,670,700 available."
request_226,157000.0,affordable_now,full_payment,2024-12-03:157000,2024-12-03,none,"Pay INR 157,000 today. This leaves at least INR 209,400 available over the next 90 days."
request_227,6971.97,not_affordable,not_recommended,none,,none,"Do not make this payment by 2025-06-20. None of the available options keeps the INR 62,900 minimum protected."
request_228,1670427.66,not_affordable,not_recommended,none,,none,"Do not make this payment by 2026-04-30. None of the available options keeps the IDR 26,191,200 minimum protected."
request_229,431.57,affordable_with_plan,installments,2024-03-18:529.29|2024-04-18:529.29|2024-05-19:529.29,2024-05-15,none,"Use 3 installments of EUR 529.29, starting 2024-03-18. This leaves at least EUR 1,000.00 available."
request_230,3537.6,affordable_now,full_payment,2025-08-06:3537.60,2025-08-06,none,"Pay EUR 3,537.60 today. This leaves at least EUR 2,000.00 available over the next 90 days."
request_231,30918.09,affordable_with_plan,installments,2026-01-06:12378.08|2026-02-05:12378.08|2026-03-07:12378.08,2026-02-15,none,"Use 3 installments of ZAR 12,378.08, starting 2026-01-06. This leaves at least ZAR 24,300.00 available."
request_232,494.3,not_affordable,not_recommended,none,,none,"Do not make this payment by 2024-08-15. None of the available options keeps the EUR 2,400.00 minimum protected."
request_233,0.0,not_affordable,not_recommended,none,,none,"Do not make this payment by 2025-12-17. None of the available options keeps the IDR 10,365,700 minimum protected."
request_234,178.26,affordable_later,wait,2026-09-15:1213.30,2026-09-15,none,"Pay EUR 1,213.30 in full on 2026-09-15. Paying earlier would take the balance below the EUR 700.00 minimum."
request_235,967.2,affordable_now,full_payment,2024-09-06:967.20,2024-09-06,none,Pay USD 967.20 today. This leaves at least USD 700.00 available over the next 90 days.
request_236,6062259.6,not_affordable,not_recommended,none,,none,"Do not make this payment by 2025-02-23. None of the available options keeps the IDR 16,768,600 minimum protected."
request_237,21946974.38,affordable_with_plan,full_payment,2026-04-05:23826000,,reduce_to:event_21813:548720,"reduce_to:event_21813:548720, then pay IDR 23,826,000 today. This leaves at least IDR 22,431,500 available."
request_238,663.6,affordable_with_plan,installments,2024-12-07:230.05|2025-01-07:230.05|2025-02-07:230.05,2024-12-07,none,"Use 3 installments of USD 230.05, starting 2024-12-07. This leaves at least USD 700.00 available."
request_239,0.0,not_affordable,not_recommended,none,,none,Do not make this payment by 2025-05-24. None of the available options keeps the USD 600.00 minimum protected.
request_240,13808.98,not_affordable,not_recommended,none,,none,"Do not make this payment by 2026-03-20. None of the available options keeps the INR 52,800 minimum protected."
request_241,21052000.0,affordable_with_plan,installments,2024-03-17:7298026.67|2024-04-17:7298026.67|2024-05-18:7298026.67,2024-03-03,none,"Use 3 installments of IDR 7,298,026.67, starting 2024-03-17. This leaves at least IDR 19,252,000 available."
request_242,0.0,not_affordable,not_recommended,none,,none,Do not make this payment by 2025-08-25. None of the available options keeps the EUR 600.00 minimum protected.
request_243,17468.0,affordable_now,full_payment,2026-07-07:17468,2026-07-07,none,"Pay ZAR 17,468.00 today. This leaves at least ZAR 19,900.00 available over the next 90 days."
request_244,49918.0,affordable_now,full_payment,2024-06-04:49918,2024-06-04,none,"Pay ZAR 49,918.00 today. This leaves at least ZAR 45,900.00 available over the next 90 days."
request_245,25688.83,affordable_later,wait,2026-01-15:128500,2026-01-15,none,"Pay INR 128,500 in full on 2026-01-15. Paying earlier would take the balance below the INR 94,600 minimum."
request_246,64086.0,affordable_with_plan,installments,2026-04-03:22216.48|2026-05-03:22216.48|2026-06-02:22216.48,2026-04-03,none,"Use 3 installments of ZAR 22,216.48, starting 2026-04-03. This leaves at least ZAR 39,300.00 available."
request_247,1059.3,affordable_now,full_payment,2024-09-05:1059.30,2024-09-05,none,"Pay EUR 1,059.30 today. This leaves at least EUR 1,300.00 available over the next 90 days."
request_248,935.94,affordable_with_plan,partial_payment,2025-02-07:935.94|2025-04-15:1029.66,2025-04-15,none,"Pay USD 935.94 today and the remaining USD 1,029.66 on 2025-04-15. This completes the full request and keeps the USD 1,300.00 minimum protected."
request_249,108.3,not_affordable,not_recommended,none,,none,Do not make this payment by 2026-03-15. None of the available options keeps the USD 600.00 minimum protected.
request_250,15571.41,not_affordable,not_recommended,none,,none,"Do not make this payment by 2025-01-18. None of the available options keeps the ZAR 35,300.00 minimum protected."
request_251,54.69,not_affordable,not_recommended,none,,none,"Do not make this payment by 2025-06-06. None of the available options keeps the EUR 1,300.00 minimum protected."
request_252,3686996.2,affordable_later,wait,2026-09-15:28082000,2026-09-15,none,"Pay IDR 28,082,000 in full on 2026-09-15. Paying earlier would take the balance below the IDR 15,152,200 minimum."
request_253,1373.64,affordable_with_plan,installments,2024-03-21:984.60|2024-04-21:984.60|2024-05-22:984.60,2024-05-15,none,"Use 3 installments of EUR 984.60, starting 2024-03-21. This leaves at least EUR 2,300.00 available."
request_254,632.23,affordable_later,wait,2025-10-15:3535.20,2025-10-15,none,"Pay USD 3,535.20 in full on 2025-10-15. Paying earlier would take the balance below the USD 2,500.00 minimum."
request_255,634943.69,not_affordable,not_recommended,none,,none,"Do not make this payment by 2026-06-15. None of the available options keeps the IDR 9,813,900 minimum protected."
request_256,153149.18,affordable_with_plan,installments,2024-06-10:75816|2024-07-11:75816|2024-08-11:75816,2024-07-15,none,"Use 3 installments of INR 75,816, starting 2024-06-10. This leaves at least INR 168,600 available."
request_257,305.59,affordable_later,wait,2026-01-15:1352.40,2026-01-15,none,"Pay USD 1,352.40 in full on 2026-01-15. Paying earlier would take the balance below the USD 1,600.00 minimum."
request_258,1113.6,affordable_now,full_payment,2026-01-07:1113.60,2026-01-07,none,"Pay USD 1,113.60 today. This leaves at least USD 500.00 available over the next 90 days."
request_259,213.94,affordable_later,wait,2024-11-15:935,2024-11-15,none,Pay EUR 935.00 in full on 2024-11-15. Paying earlier would take the balance below the EUR 600.00 minimum.
request_260,6111919.81,not_affordable,not_recommended,none,,none,"Do not make this payment by 2025-04-18. None of the available options keeps the IDR 20,727,700 minimum protected."
request_261,1830.4,affordable_now,full_payment,2026-07-03:1830.40,2026-07-03,none,"Pay EUR 1,830.40 today. This leaves at least EUR 1,500.00 available over the next 90 days."
request_262,9236000.0,affordable_now,full_payment,2024-12-05:9236000,2024-12-05,none,"Pay IDR 9,236,000 today. This leaves at least IDR 31,018,500 available over the next 90 days."
request_263,5782.06,not_affordable,not_recommended,none,,none,"Do not make this payment by 2025-06-15. None of the available options keeps the ZAR 24,100.00 minimum protected."
request_264,23012.52,affordable_later,wait,2026-06-15:111300,2026-06-15,none,"Pay INR 111,300 in full on 2026-06-15. Paying earlier would take the balance below the INR 59,500 minimum."
request_265,0.0,not_affordable,not_recommended,none,,none,"Do not make this payment by 2024-03-21. None of the available options keeps the INR 189,700 minimum protected."
request_266,780.1,affordable_with_plan,installments,2025-08-03:324.13|2025-08-31:324.13|2025-09-28:324.13,2025-09-15,none,"Use 3 installments of EUR 324.13, starting 2025-08-03. This leaves at least EUR 900.00 available."
request_267,1647.29,affordable_with_plan,installments,2026-01-08:667.33|2026-02-07:667.33|2026-03-09:667.33,2026-02-15,stop:event_24573,"Use 3 installments of EUR 667.33, starting 2026-01-08. This leaves at least EUR 1,500.00 available."
request_268,1035.8,affordable_with_plan,installments,2024-06-14:841.22|2024-07-15:841.22|2024-08-15:841.22,2024-07-15,none,"Use 3 installments of EUR 841.22, starting 2024-06-14. This leaves at least EUR 1,400.00 available."
request_269,0.0,not_affordable,not_recommended,none,,none,"Do not make this payment by 2026-01-02. None of the available options keeps the ZAR 23,100.00 minimum protected."
request_270,105.96,not_affordable,not_recommended,none,,none,"Do not make this payment by 2026-08-30. None of the available options keeps the USD 1,400.00 minimum protected."
request_271,13494.94,affordable_later,wait,2024-11-15:91300,2024-11-15,none,"Pay INR 91,300 in full on 2024-11-15. Paying earlier would take the balance below the INR 58,200 minimum."
request_272,5447562.49,affordable_with_plan,installments,2025-02-12:4709466.67|2025-03-12:4709466.67|2025-04-09:4709466.67,2025-03-15,none,"Use 3 installments of IDR 4,709,466.67, starting 2025-02-12. This leaves at least IDR 7,508,600 available."
request_273,9594686.31,affordable_with_plan,partial_payment,2026-04-07:9594686.31|2026-04-15:6266313.69,2026-04-15,none,"Pay IDR 9,594,686.31 today and the remaining IDR 6,266,313.69 on 2026-04-15. This completes the full request and keeps the IDR 18,774,600 minimum protected."
request_274,2168.26,affordable_with_plan,installments,2024-12-04:940.75|2025-01-04:940.75|2025-02-04:940.75,2025-01-15,none,"Use 3 installments of EUR 940.75, starting 2024-12-04. This leaves at least EUR 1,800.00 available."
request_275,15884000.0,affordable_now,full_payment,2025-05-06:15884000,2025-05-06,none,"Pay IDR 15,884,000 today. This leaves at least IDR 12,760,100 available over the next 90 days."
